1,Pelegrini,Šibenik,28,10:44,23:42,true
2,Restoran Fortuna,Sesvete,32,9:44,21:10,true
3,Skladište,Zadar,27,10:37,23:44,true
4,Markovina,Sisak,19,11:42,21:59,true
5,Taverna Morski Duh,Koprivnica,12,11:52,21:06,true
6,Kod Pere,Čakovec,34,9:16,22:38,true
7,Bistro Trogir,Zadar,28,10:41,21:16,false
8,Bistro Morski Duh,Sesvete,26,9:00,21:13,true
9,Vela Luka,Sesvete,32,9:22,22:24,true
10,Martinis Marchi,Koprivnica,30,9:02,23:24,true
11,Galeb,Koprivnica,24,10:34,22:21,false
12,Konoba Stara Vrata,Rijeka,15,11:35,21:56,true
13,Restoran Dvor,Dubrovnik,22,9:46,23:42,true
14,Pod Zidom,Zagreb,35,11:33,23:55,false
15,Noel,Sisak,24,11:00,22:46,false
16,Konoba Srđ,Dubrovnik,34,11:32,23:01,true
17,Carpaccio,Varaždin,5,9:05,21:18,true
18,Restoran Zlatni Zaljev,Koprivnica,11,10:06,21:52,true
19,Kasar,Šibenik,11,9:10,21:38,true
20,Mala Koliba,Samobor,6,11:38,21:15,true
21,Mali Bar,Bjelovar,11,9:09,21:54,true
22,Restoran Klana,Požega,29,9:39,22:23,true
23,Plavi Podrum,Čakovec,21,10:45,23:53,true
24,Restoran Zeleni Val,Vinkovci,8,10:49,22:07,true
25,Bistro Tinel,Dubrovnik,30,9:32,21:30,true
26,Konoba Slani Vjetar,Sesvete,8,10:47,23:11,true
27,Konoba Turnić,Zadar,11,10:12,23:02,true
28,Vela Luka,Varaždin,15,10:39,22:52,false
29,Konoba Maestral,Čakovec,25,9:07,22:09,true
30,Filippi,Vinkovci,23,10:46,22:19,false
31,Konoba Skradinski Buk,Split,30,9:33,21:11,true
32,Konoba Код Jože,Zagreb,11,9:18,23:29,true
33,Restoran Plavi Izvor,Čakovec,35,10:14,21:43,true
34,Bistro Tavulin,Koprivnica,28,11:35,22:40,true
35,Crni Angus,Sisak,7,10:23,22:02,false
36,Konoba Sveti Ante,Slavonski Brod,7,10:47,22:19,true
37,Plavi Val,Rijeka,23,10:40,22:00,true
38,Lanterna,Osijek,6,10:20,23:57,true
39,Taverna Bura i More,Dubrovnik,18,11:43,22:52,true
40,Ribarska Republika,Split,16,10:03,22:03,true
41,Restoran Draga,Koprivnica,34,10:18,23:40,true
42,Konoba Daniela,Osijek,12,11:34,23:06,true
43,Zvonik,Šibenik,11,9:34,21:23,true
44,Restoran Stella Maris,Karlovac,25,10:52,23:23,false
45,Pojoda,Čakovec,32,10:04,22:14,true
46,Podrum,Šibenik,20,10:05,23:03,true
47,Restoran Kalelarga,Dubrovnik,8,10:43,21:10,true
48,The Joint,Šibenik,20,11:37,21:40,true
49,Konoba Sunčana Uvala,Sisak,32,11:35,23:49,true
50,Konoba Zlatni Kamen,Dubrovnik,7,10:59,22:24,true
51,Bistro Vrboska,Sisak,29,10:34,22:39,true
52,Zadnji trem,Bjelovar,5,9:23,22:20,true
53,Adio Mare,Zagreb,14,9:08,23:20,true
54,Kasar,Čakovec,18,11:12,21:22,true
55,Plavi Val,Vukovar,11,10:56,23:48,true
56,Kapetanov sto,Sisak,17,11:53,21:10,false
57,Bistro No.4,Rijeka,15,11:24,22:24,true
58,Konoba Župa,Vukovar,7,9:26,22:27,true
59,Konoba Piccolo,Varaždin,35,9:09,22:04,true
60,Konoba Astarea,Bjelovar,19,11:24,21:55,true
61,The House of Food,Vukovar,17,10:53,21:47,true
62,TheShack,Požega,9,11:27,21:13,false
63,Opatija,Vinkovci,9,11:50,23:40,true
64,The Brick Peć,Vukovar,18,10:04,23:09,true
65,Konoba Lopud,Karlovac,26,10:38,21:47,true
66,Bistro Vodice,Split,14,9:21,21:52,true
67,Konoba Srđ,Koprivnica,11,11:08,22:03,true
68,Marenda,Osijek,16,11:34,21:29,true
69,Konoba Mornar,Sisak,15,10:32,22:58,false
70,Zadnji trem,Split,29,9:13,23:20,true
71,Bistro Lokrum,Požega,19,10:01,23:17,true
72,Konoba Babin Kuk,Vinkovci,7,11:44,23:18,true
73,Restoran Kalelarga,Rijeka,5,9:06,22:29,true
74,Bistro Školjka,Šibenik,21,9:22,22:16,true
75,Konoba Zlatni Kamen,Zagreb,26,9:10,22:38,true
76,Nautika,Sesvete,26,11:52,21:24,true
77,Kuca za brodove,Dubrovnik,20,10:51,21:29,false
78,Restoran Otočna Čarolija,Sisak,33,10:58,22:51,true
79,Konoba Tisno,Sesvete,8,10:48,22:36,true
80,Paradigmas,Zadar,33,11:51,21:31,false
81,Bistro Trogir,Vinkovci,31,10:55,23:31,true
82,Argola,Bjelovar,6,11:25,22:11,true
83,Crna ovca,Vinkovci,25,9:14,22:48,true
84,Bistro Zeleni Val,Sisak,32,11:31,21:44,true
85,Arcadia,Šibenik,35,10:08,21:16,true
86,Bistro Vodice,Vukovar,5,9:46,22:34,true
87,Amfora,Koprivnica,26,10:35,21:10,true
88,Restoran Miris Juga,Split,7,10:46,21:45,true
89,Bistro Morski Zrak,Sesvete,26,11:44,21:06,true
90,Gostionica Istranka,Vukovar,11,10:42,22:11,true
91,Restoran Jezera,Varaždin,15,11:27,21:19,true
92,Nava,Sesvete,10,11:31,22:24,false
93,Stara Klet,Vinkovci,33,9:22,22:51,true
94,Restoran Krapanj,Vukovar,26,10:39,22:49,false
95,Taverna Sunčana Staza,Vukovar,21,10:55,21:43,true
96,Boba,Koprivnica,23,9:19,22:39,true
97,NAV,Čakovec,27,11:51,22:04,true
98,Pantarul,Sisak,10,9:46,23:09,true
99,Konoba Humac,Sisak,23,11:08,21:33,false
100,Škver,Dubrovnik,32,10:24,22:58,true
101,Pantarul,Požega,10,11:47,23:24,true
102,Toč,Karlovac,27,10:41,22:18,true
103,Konoba Feral,Šibenik,23,9:45,21:47,false
104,Konoba Tribunj,Rijeka,9,11:00,22:10,true
105,Bistro Miris Juga,Split,35,11:04,22:01,true
106,Gostionica Šipan,Osijek,13,9:13,21:44,true
107,Foša,Bjelovar,17,11:52,21:17,false
108,Pod Zidom,Dubrovnik,11,10:13,22:43,true
109,Konoba Župa,Split,11,11:12,23:41,false
110,TheShack,Zadar,12,10:38,23:22,true
111,Konoba Zlatni Pjat,Varaždin,12,11:06,23:48,true
112,Konoba Humac,Dubrovnik,17,10:36,21:53,true
113,Lešić Dimitri,Požega,33,10:30,21:39,false
114,Restoran Sunčana Plaža,Vinkovci,11,9:05,23:04,true
115,Konoba Slani Pjat,Sisak,20,9:02,22:49,true
116,Konoba Slani Val,Vinkovci,22,10:57,21:37,true
117,Vela Luka,Split,15,10:08,21:15,true
118,Taverna Jadranska Oaza,Karlovac,27,10:28,22:40,true
119,Konoba Код Jože,Split,23,9:42,22:50,true
120,Restaurant Dubrava,Zadar,9,9:44,22:19,false
121,Konoba Primošten,Sesvete,33,11:08,23:56,true
122,Vinodol,Zadar,9,11:41,21:25,false
123,Restoran Otočna Čarolija,Rijeka,35,10:50,23:35,false
124,Rozario,Čakovec,6,11:46,21:09,true
125,Konoba Pece,Zagreb,14,9:42,21:54,false
126,Pojoda,Split,8,11:29,23:54,true
127,Kornatiii,Požega,18,10:30,21:02,true
128,Pašike,Rijeka,9,10:14,22:19,true
129,Bistro Sunčana Plaža,Čakovec,10,11:58,22:59,true
130,Restoran Morska,Čakovec,31,11:35,21:32,false
131,Markovina,Zadar,16,10:57,23:14,true
132,Foša,Varaždin,24,9:39,23:43,true
133,Bistro Vjetrovi Jadrana,Pula,16,9:38,21:53,true
134,Taverna Ljetni Vjetar,Zadar,31,9:23,21:39,true
135,Kornat,Pula,13,10:38,21:49,true
136,Taverna Plavi Val,Pula,28,10:36,22:00,true
137,Bistro Viškovo,Požega,30,10:15,22:29,true
138,Konoba Sveti Ante,Čakovec,33,10:08,22:26,true
139,Restoran Sunčana Plaža,Pula,9,9:38,23:43,false
140,Dalmatinska Konoba,Split,29,10:16,23:45,true
141,Bistro Zlatni Pjat,Split,19,9:57,23:00,true
142,Konoba Ljetni San,Zadar,6,10:39,22:43,true
143,Pergola,Čakovec,31,11:20,23:38,false
144,Konoba Vrhunski Okusi,Zagreb,7,10:13,21:11,true
145,Konoba Jelsa,Koprivnica,20,11:33,23:03,false
146,Konoba Kaprije,Zagreb,19,10:40,23:22,true
147,Oaza,Koprivnica,11,10:19,21:11,true
148,Pašike,Varaždin,32,10:27,22:32,true
149,Restaurant Bonavita,Varaždin,23,10:48,21:23,true
150,Konoba Mendula,Osijek,17,10:06,21:40,true
151,The Catch,Karlovac,20,10:06,22:13,false
152,Kornat,Čakovec,10,10:11,21:15,true
153,The Boundary,Zagreb,10,10:27,22:49,true
154,Lovor,Slavonski Brod,28,11:48,22:08,true
155,The Wing House,Varaždin,18,10:51,23:44,true
156,The House of Food,Zagreb,12,10:14,21:03,true
157,Kopun,Samobor,18,11:58,21:00,true
158,Logorska vatra,Zadar,9,11:45,22:41,false
159,Mali Bar,Bjelovar,18,10:07,22:33,true
160,Konoba Sidro,Zagreb,23,11:28,22:57,true
161,Vinica Monković,Šibenik,5,11:33,21:43,true
162,Konoba Miris Juga,Šibenik,5,9:03,21:36,true
163,Restoran Fortuna,Dubrovnik,21,9:04,23:16,true
164,Kuhinja,Split,13,11:45,23:20,true
165,Pod Zidom,Bjelovar,21,9:10,23:29,true
166,Paradigmas,Zagreb,26,10:14,22:24,true
167,The Cafe Terrace,Samobor,11,9:51,22:38,false
168,Restoran Morska Oda,Šibenik,21,11:33,23:50,true
169,Restoran Morska Oda,Šibenik,15,10:15,23:47,true
170,Restoran Podmurvice,Slavonski Brod,12,11:08,23:17,true
171,Bistro Trogir,Karlovac,20,11:38,22:30,true
172,Bistro Morska Rapsodija,Osijek,22,10:25,23:00,true
173,Taverna Jadranska Oaza,Vukovar,19,11:39,23:15,false
174,Restoran Kornati,Sesvete,9,11:08,22:06,true
175,Konoba Župa,Šibenik,34,9:06,21:39,false
176,Konoba Nikola,Dubrovnik,7,9:52,21:38,true
177,Boškinac,Pula,9,10:37,22:46,true
178,Zvonik,Vinkovci,35,9:26,23:57,true
179,Amfora,Bjelovar,10,11:16,21:34,true
180,Konoba Primošten,Rijeka,18,9:56,23:28,false
181,Konoba Zlatni Kamen,Samobor,14,10:23,21:47,true
182,Artesian,Split,22,11:20,23:39,false
183,Restoran Pelegrin,Osijek,23,9:29,22:38,false
184,Konoba Levant,Sisak,30,11:28,22:46,true
185,Zigante,Sesvete,10,11:23,22:11,true
186,Gostionica Zagreb,Zagreb,25,10:01,22:13,true
187,Restoran Plavi Talisman,Pula,34,10:13,22:14,true
188,Bistro Sustjepan,Koprivnica,31,11:40,21:14,true
189,Lanterna,Vinkovci,18,10:08,21:39,true
190,Pod Mostom,Zadar,27,11:06,21:17,true
191,Bistro Morski Ples,Koprivnica,5,11:08,22:26,true
192,Taverna Ljetni Vjetar,Šibenik,14,11:52,21:34,true
193,Restoran Jezera,Zadar,16,11:27,22:41,false
194,Paradigma,Zagreb,7,10:01,22:27,true
195,Konoba Menego,Zagreb,20,10:14,23:21,false
196,Triton,Samobor,11,10:47,21:48,false
197,The Wing House,Rijeka,25,11:48,23:30,true
198,Konoba Turnić,Rijeka,35,10:36,21:03,true
199,Konoba Skojera,Šibenik,8,11:12,23:28,false
200,Zadnji trem,Pula,24,9:51,21:41,false
201,Konoba Orašac,Osijek,7,11:40,21:30,true
202,Restoran Tirkizno More,Šibenik,16,10:27,22:56,true
203,Konoba Levant,Sesvete,20,10:42,21:47,true
204,Tinel,Vinkovci,12,9:09,23:42,true
205,Stara Klet,Varaždin,26,11:25,22:10,false
206,Restoran Marčeljeva Draga,Koprivnica,8,9:53,23:55,true
207,Bistro Tinel,Pula,20,10:05,23:56,true
208,Korčula,Dubrovnik,31,10:00,21:38,true
209,Adio Mare,Dubrovnik,34,9:17,21:16,true
210,The Cafe Terrace,Osijek,19,10:10,21:52,true
211,Konoba Marinero,Šibenik,27,9:07,22:52,true
212,Restoran Zeleni Otok,Pula,21,10:13,22:38,false
213,Bistro Tavulin,Karlovac,30,9:28,23:54,true
214,Taverna Morski Duh,Varaždin,22,11:31,23:11,true
215,Restoran Vjetrovi Juga,Vukovar,17,10:14,22:06,true
216,Restoran Morska Oda,Zadar,12,11:41,21:46,false
217,Restoran Jadranska Čarolija,Vukovar,16,10:24,21:40,true
218,Konoba Arsenalka,Karlovac,28,10:46,21:53,true
219,Gostionica Dalmacija,Sisak,21,9:47,21:53,true
220,Marina,Dubrovnik,9,9:15,21:05,true
221,Bistro Plavi Zrak,Osijek,23,9:37,23:30,true
222,The Avenue,Zagreb,28,9:45,23:22,true
223,Konoba Stara Ploča,Zadar,24,11:26,21:16,true
224,Restoran Stari Grad,Bjelovar,34,10:14,21:58,true
225,Stara Klet,Šibenik,30,9:22,22:23,true
226,Konoba Trsat,Požega,5,9:37,21:07,true
227,Restoran Plavi Talisman,Sesvete,10,10:06,22:06,true
228,Konoba Saršoni,Bjelovar,21,11:34,22:55,false
229,Restoran Cres,Osijek,28,9:37,21:39,true
230,Taverna Morska Melodija,Osijek,26,10:29,22:23,true
231,The Joint,Dubrovnik,31,10:38,23:40,false
232,Škampi,Sesvete,9,9:15,22:17,true
233,Restoran Stella Maris,Sesvete,6,10:18,22:38,false
234,Restoran Ribarska Priča,Zadar,32,9:08,21:33,true
235,Takenoko,Osijek,21,10:33,22:13,true
236,Roost,Zadar,18,9:33,21:03,true
237,Konoba Bulevard,Šibenik,17,9:19,22:00,true
238,Konoba Kaleta,Bjelovar,15,9:24,23:56,false
239,Kadena,Split,15,9:35,22:23,true
240,Konoba Mediterraneo,Zadar,13,11:25,21:21,true
241,The Brisket House,Samobor,30,11:50,21:12,false
242,Konoba Zlatna Obala,Vinkovci,18,11:10,22:09,true
243,NAV,Slavonski Brod,24,11:21,21:01,true
244,Toč,Samobor,32,11:53,23:02,false
245,Bistro Morski Ugođaj,Karlovac,13,9:08,21:20,true
246,Konoba Hvar,Varaždin,11,9:51,23:43,true
247,Stari Fijaker,Dubrovnik,32,11:17,21:15,true
248,Konoba Astarea,Dubrovnik,28,9:14,22:14,true
249,Konoba Zablaće,Bjelovar,25,9:25,23:11,true
250,spot,Vukovar,16,9:35,21:34,true
251,Okrugljak,Rijeka,30,11:37,23:59,false
252,Bistro Otočna Čarolija,Bjelovar,35,11:23,22:28,true
253,Restoran Miris Mediterana,Dubrovnik,20,9:23,23:06,true
254,Bistro Sunčev Zrak,Požega,26,11:13,23:23,true
255,Orca,Vukovar,13,11:25,22:25,true
256,Restoran Koločep,Rijeka,17,11:05,21:27,true
257,The 6th Street Grill,Dubrovnik,17,10:49,21:57,false
258,Villa Neretva,Samobor,10,9:17,23:09,true
259,Konoba Nava,Rijeka,15,10:27,21:42,true
260,Stara Loza,Karlovac,9,11:37,22:50,true
261,Oaza,Osijek,14,10:07,21:31,true
262,Logorska vatra,Čakovec,11,9:04,21:30,true
263,Bistro Morski Duh,Osijek,33,9:24,21:02,false
264,Bistro Val,Zagreb,11,11:55,21:04,false
265,Filippi,Šibenik,11,9:12,21:26,true
266,Bistro Morski San,Karlovac,11,11:22,23:00,true
267,Konoba Kod Joze,Osijek,9,9:35,23:38,true
268,Restoran Jadranska Čarolija,Dubrovnik,17,11:34,22:58,false
269,The Buffet,Vukovar,29,10:50,21:18,true
270,Toč,Požega,9,11:43,23:05,true
271,Konoba Buffet Fife,Samobor,12,9:07,22:55,true
272,Ziganto,Pula,10,9:57,21:40,true
273,Apetit City,Vukovar,12,11:09,23:07,true
274,Restoran Zlatni Otok,Zadar,12,9:18,22:44,true
275,Konoba Zamet,Čakovec,10,11:38,21:19,true
276,Bistro Drenova,Pula,7,10:22,23:15,true
277,Bistro Sušak,Varaždin,23,10:10,22:35,false
278,Podrum,Bjelovar,32,9:52,21:01,false
279,Konoba Skradinski Buk,Osijek,29,11:33,21:04,false
280,Konoba Lozica,Sisak,28,11:31,21:05,false
281,Taverna Kamen i More,Zadar,8,11:28,21:30,false
282,Stara Klet,Sisak,14,10:56,21:01,true
283,Taverna Riva,Zagreb,30,11:46,22:54,true
284,Taverna Ljetni Vjetar,Samobor,16,10:35,21:12,true
285,Laganini,Šibenik,5,11:35,22:12,true
286,Sv. Nikola,Sisak,26,9:36,21:44,true
287,Bistro Prvić,Čakovec,33,9:29,21:33,true
288,Paradigmas,Šibenik,9,10:30,23:36,true
289,Konoba Zamet,Osijek,26,11:07,22:50,true
290,Konoba Orašac,Dubrovnik,8,9:14,21:14,true
291,Konoba Feral,Pula,13,10:46,23:12,false
292,Bistro Val,Varaždin,14,10:30,21:25,true
293,Konoba Kaprije,Split,20,11:30,21:48,false
294,Konoba Sunčana Uvala,Vukovar,17,11:00,22:53,true
295,Konoba Ljetni Vjetar,Split,19,11:58,23:39,true
296,Restoran Morski Vrh,Osijek,11,11:27,21:34,true
297,Restoran Dvor,Varaždin,31,10:21,21:19,true
298,Restoran Plavo Vrilo,Pula,31,11:06,22:41,false
299,Restoran Sunčana Plaža,Zadar,15,10:49,21:19,false
300,Restoran Zablace,Požega,17,10:20,21:10,true
301,Bistro Morski San,Sesvete,32,10:05,21:30,true
302,Konoba Ljetni Vjetar,Split,6,9:59,23:29,true
303,Zinfandel,Osijek,26,10:53,23:09,false
304,Konoba Zaton,Slavonski Brod,19,9:10,21:03,true
305,Restoran Jadranska Tajna,Zagreb,13,10:26,23:45,true
306,spot,Dubrovnik,5,9:07,21:20,true
307,Konoba Rijeka,Vukovar,18,11:46,22:21,true
308,Bistro na Mainu,Split,15,9:54,23:11,true
309,Konoba Didov San,Vinkovci,21,9:33,22:45,false
310,Crna ovca,Pula,16,10:59,22:27,false
311,Konoba Elafiti,Varaždin,13,10:37,21:55,false
312,Dalmacija,Šibenik,7,10:31,23:09,true
313,Bistro Tač,Samobor,27,11:40,22:42,true
314,Konoba Primošten,Rijeka,20,9:14,21:48,true
315,Konoba Morski Ples,Bjelovar,14,9:49,21:23,true
316,Škampi,Zagreb,5,11:31,22:59,true
317,Restoran Sunčana Plaža,Split,29,11:14,22:23,true
318,Pergola,Sisak,18,10:13,23:56,true
319,Bistro Morski Ugođaj,Osijek,31,9:10,21:17,false
320,Taverna Morska Melodija,Rijeka,28,10:29,22:22,true
321,Konoba Pod Zvonikom,Vinkovci,6,9:29,23:07,true
322,Foša,Varaždin,6,10:23,22:57,true
323,Triton,Karlovac,15,9:46,21:11,true
324,Foša,Bjelovar,5,11:14,22:26,true
325,Restoran Sredozemna Priča,Zadar,11,10:34,21:14,true
326,Bistro Makarska,Vinkovci,22,10:53,21:09,false
327,Bistro Otočka Priča,Koprivnica,7,9:42,22:29,true
328,Bistro Lokrum,Zadar,29,9:09,21:07,true
329,Bistro Sunčev Zrak,Sesvete,19,11:50,22:39,true
330,Logorska vatra,Karlovac,21,11:56,21:25,true
331,Taverna Morski Duh,Pula,32,9:09,21:52,true
332,Bistro Val,Sesvete,31,9:08,23:53,false
333,Riblja Kuća,Split,22,11:02,23:45,true
334,Konoba Astarea,Požega,32,9:12,22:29,true
335,Konoba Humac,Bjelovar,28,10:47,21:21,true
336,Restoran Žirje,Sisak,30,10:43,22:01,true
337,Zlatna Ribica,Karlovac,13,10:36,22:57,true
338,Marina,Vinkovci,33,9:42,21:33,true
339,Gariful,Bjelovar,8,11:32,23:47,false
340,Restoran Plavi Pojas,Zadar,26,9:42,22:42,true
341,Puntulina,Vinkovci,20,10:03,21:05,true
342,Restoran Jadranska Tajna,Čakovec,30,11:49,23:08,true
343,Bistro Brodarica,Koprivnica,15,11:07,23:54,true
344,Taverna Rustica,Osijek,25,10:33,22:26,true
345,Markovina,Rijeka,20,9:37,22:18,true
346,Batelina,Split,12,9:06,23:24,true
347,Stara Loza,Rijeka,30,9:21,21:57,true
348,Konoba Ljetni San,Vinkovci,28,11:54,23:06,false
349,Sv. Nikola,Zadar,19,9:46,21:41,true
350,Restoran Jadran,Čakovec,32,10:57,22:41,true
351,Boba,Split,22,9:19,23:57,true
352,Konoba Maslina,Čakovec,15,9:39,23:17,true
353,Restoran Mokošica,Dubrovnik,12,11:08,22:09,true
354,Tinel,Bjelovar,20,9:33,21:08,true
355,Konoba Donja Vežica,Zadar,21,11:37,23:27,true
356,Konoba Jadranska Pjena,Rijeka,21,10:07,22:57,true
357,Konoba Jadransko Blago,Rijeka,32,10:22,22:01,true
358,Konoba Zlarin,Rijeka,8,9:40,22:45,true
359,Brončane Školjke,Rijeka,25,10:21,21:56,true
360,Konoba More,Dubrovnik,33,11:28,22:12,true
361,Kod Pere,Zadar,34,9:01,22:37,false
362,Restoran Stari Grad,Vinkovci,29,9:44,22:41,true
363,Konoba Šumoviti Put,Vinkovci,23,9:53,21:53,true
364,Mala Hiža,Vinkovci,25,9:23,22:10,true
365,Špageterija Dubrovnik,Čakovec,6,9:58,21:37,true
366,Bistro Komolac,Karlovac,13,10:05,22:44,true
367,Konoba Donja Vežica,Rijeka,35,10:58,22:54,true
368,Villa Neretva,Zadar,34,10:55,23:48,true
369,Rozario,Koprivnica,15,11:17,23:27,true
370,Pod Voltom,Samobor,31,10:19,22:22,true
371,Konoba Zlatna Obala,Karlovac,21,10:13,21:07,true
372,Taverna Tajna Uvale,Sisak,33,10:10,21:10,true
373,Bistro Sredozemna Oaza,Zagreb,29,11:08,22:05,false
374,Konoba Bonaca,Bjelovar,13,10:16,23:16,true
375,Bistro Plavi Cvrčak,Samobor,24,9:21,21:55,true
376,Taverna Plavi Zaljev,Bjelovar,6,10:27,23:30,true
377,Bistro More i Vino,Pula,8,9:45,23:44,false
378,Bistro Jadranska Rapsodija,Pula,29,11:54,22:55,true
379,Bokeria,Šibenik,33,11:13,22:24,true
380,Restoran Morska Melodija,Bjelovar,19,10:02,23:03,false
381,Konoba Slani Pjat,Dubrovnik,8,11:51,21:36,true
382,Boba,Požega,27,11:51,22:47,true
383,Restoran Zeleni Otok,Osijek,16,10:56,22:47,true
384,Konoba Mljet,Karlovac,33,9:35,21:11,true
385,Taverna Tajna Uvale,Zagreb,22,11:32,21:02,true
386,Villa Spiza,Zadar,10,11:44,22:41,true
387,Konoba Ljetni Vjetar,Zadar,13,11:08,22:40,true
388,Bistro Sušak,Osijek,32,10:56,22:57,true
389,Zlatna Ribica,Sisak,28,11:45,21:51,true
390,Danitz,Sesvete,26,10:38,21:42,true
391,Restoran Zeleni Otok,Osijek,25,9:53,23:10,true
392,Zlatne Školjke,Zagreb,25,10:59,22:08,true
393,Konoba Maslina,Vinkovci,19,10:33,21:13,true
394,Gostionica Split,Čakovec,16,9:57,22:15,true
395,Ziganto,Čakovec,27,9:21,22:45,true
396,Noel,Koprivnica,32,11:31,23:22,true
397,Skladište,Zagreb,6,9:39,23:06,false
398,Lungo Mare,Zadar,5,10:53,22:32,true
399,Tribunal,Vukovar,13,11:24,22:42,false
400,Restoran Korčula,Čakovec,11,11:22,21:29,true
401,Restoran Plavi Talisman,Slavonski Brod,18,9:33,23:35,true
402,Konoba Dalmatino,Rijeka,6,10:51,21:46,false
403,Taverna Plavi Zaljev,Požega,11,9:38,23:07,true
404,Lovor,Vukovar,27,9:38,21:17,true
405,Konoba Pod Zvonikom,Bjelovar,18,11:42,23:56,true
406,Vino Monković,Čakovec,17,11:44,21:49,false
407,Bistro Drenova,Bjelovar,35,10:43,22:53,true
408,Restoran Bevanda,Požega,25,9:45,21:32,true
409,Kuhinja,Vukovar,21,11:33,21:18,true
410,Kotlić,Samobor,32,11:17,21:01,true
411,Bistro,Sesvete,16,9:53,22:28,true
412,Bistro na Mainu,Split,34,9:45,21:38,false
413,Konoba Plavi Zaljev,Varaždin,30,11:24,23:55,false
414,Galija,Koprivnica,8,10:02,21:39,true
415,Kornat,Osijek,9,10:25,21:11,true
416,Bistro Apetit by Marin Rendić,Varaždin,19,11:05,23:01,true
417,Kadenac,Split,26,11:11,21:02,true
418,Konoba Lopud,Rijeka,6,9:47,23:31,true
419,Crni Angus,Šibenik,9,11:35,21:53,false
420,Kafana,Sisak,13,9:10,22:18,true
421,Paradigmas,Vukovar,22,9:51,22:43,true
422,Villa Spiza,Vinkovci,25,10:07,21:29,true
423,Argola,Požega,16,11:46,22:04,true
424,Bistro Pirovac,Čakovec,9,11:08,23:53,true
425,Restoran Kastel,Čakovec,9,10:19,21:40,true
426,Gostionica Zagreb,Varaždin,21,11:30,21:39,true
427,Bistro Vjetrovito,Split,33,9:38,22:53,true
428,Nautika,Požega,9,9:25,21:04,true
429,Markovina,Split,25,9:12,23:37,true
430,Bistro Sunčana Plaža,Split,35,11:13,22:11,true
431,Konoba Hvar,Vinkovci,5,11:27,21:39,true
432,Taverna Jadranski Duh,Požega,8,10:40,23:41,true
433,Konoba Sreća na Tanju,Požega,28,10:46,22:41,false
434,Konoba Srima,Zadar,23,9:28,23:04,true
435,Konoba Saršoni,Sisak,12,10:00,22:30,true
436,The Butcher Block,Vinkovci,30,10:06,21:51,true
437,Konoba Turnić,Šibenik,22,11:23,21:15,true
438,Restaurant Dubrava,Dubrovnik,22,11:34,22:36,true
439,Mala Hiža,Osijek,15,10:19,23:47,true
440,Bistro No.4,Koprivnica,35,9:15,23:33,false
441,Bistro Pirovac,Vinkovci,11,11:20,23:41,true
442,Bistro Trsteno,Vinkovci,25,11:00,23:29,true
443,Taverna Tajna Uvale,Samobor,7,10:05,22:24,true
444,Orsan,Čakovec,16,11:15,23:20,true
445,Bistro Rastočine,Vinkovci,31,10:53,21:19,true
446,Bistro Morski Ples,Rijeka,13,11:48,21:43,true
447,Zlatne Školjke,Šibenik,32,10:26,21:54,false
448,Artesian,Sisak,13,10:16,21:02,true
449,Crna ovca,Zagreb,14,11:47,23:26,true
450,Taverna Miris Mediterana,Vinkovci,8,10:06,22:13,true
451,The Beachcomber,Bjelovar,20,9:33,23:03,true
452,Amfora,Čakovec,10,9:51,22:56,true
453,Ziganto,Šibenik,6,10:57,22:59,true
454,Gradska Kavana,Čakovec,13,10:24,21:33,false
455,Bistro Sol,Osijek,5,10:53,21:58,true
456,Restoran Tirkizno More,Sesvete,24,10:11,22:19,false
457,Lovor,Samobor,15,10:27,23:29,false
458,Bistro Jadranski San,Bjelovar,23,9:31,22:11,true
459,Taverna Suncokret,Sisak,17,10:11,23:28,false
460,Konoba Matejuška,Bjelovar,18,11:40,23:06,true
461,Konoba Murter,Dubrovnik,7,10:19,23:43,true
462,Bistro Krnjevo,Samobor,23,9:40,22:26,true
463,Restoran Galija,Dubrovnik,14,10:57,21:11,true
464,Taverna Jadranska Oaza,Slavonski Brod,19,11:05,22:03,false
465,Konoba Pece,Rijeka,16,11:37,21:46,true
466,Konoba Slani Pjat,Koprivnica,24,11:17,23:36,true
467,Restoran Stari Grad,Split,32,11:26,21:52,true
468,Boba,Sesvete,20,10:23,22:20,true
469,Konoba Stara Kala,Samobor,8,11:06,22:11,true
470,Bokeria,Zadar,8,10:07,23:06,true
471,Adio Mare,Split,24,11:26,22:44,true
472,Bistro Plavi Horizont,Koprivnica,12,11:58,21:04,true
473,Taverna Rustica,Split,30,10:49,23:54,false
474,Konoba Bonaca,Pula,14,10:57,21:50,true
475,Dalmacija,Čakovec,31,11:44,21:15,false
476,Orca,Samobor,17,11:45,21:19,true
477,Zinfandel's,Rijeka,26,10:35,23:29,false
478,Riblja Kućica,Split,8,11:19,23:51,true
479,Konoba Trs,Šibenik,22,9:11,22:13,true
480,Konoba Jelsa,Dubrovnik,35,10:25,22:28,true
481,Konoba Rijeka,Sesvete,12,11:18,23:31,false
482,Taverna Vjetrovi Juga,Karlovac,7,9:29,21:45,true
483,Taverna Slani Val,Sesvete,22,10:38,21:09,true
484,Konoba Hvar,Osijek,28,9:46,22:31,false
485,Kuća na plaži,Sisak,17,11:26,22:57,true
486,Konoba Sidro,Rijeka,12,11:41,23:47,false
487,Vincek,Pula,32,9:54,21:07,false
488,Kafana,Čakovec,18,10:06,23:11,true
489,Plavi Marlin,Sisak,34,9:14,23:46,true
490,Kopun,Čakovec,9,9:01,22:19,true
491,Perivoj,Čakovec,31,10:31,22:39,true
492,Restoran Sredozemna Priča,Požega,35,10:55,23:01,true
493,Podrum,Dubrovnik,25,10:44,23:52,false
494,Konoba Donja Vežica,Dubrovnik,34,11:03,21:45,true
495,Konoba Pece,Sesvete,8,9:12,23:34,false
496,Lungo Mare,Varaždin,30,11:15,22:16,true
497,Bistro Krnjevo,Sesvete,7,9:42,22:52,true
498,Mala Koliba,Zagreb,22,10:36,22:32,true
499,Konoba Varoški,Dubrovnik,16,10:01,21:40,false
500,Konoba Betina,Zadar,17,10:26,22:57,false
